id,label
imgNonVehicle944,0
imgNonVehicle840,0
imgVehicle438,1
imgNonVehicle774,0
imgNonVehicle888,0
imgVehicle446,1
imgNonVehicle750,0
imgNonVehicle868,0
imgNonVehicle864,0
imgVehicle439,1
imgNonVehicle926,0
imgNonVehicle809,0
imgNonVehicle695,0
imgNonVehicle740,0
imgVehicle357,1
imgNonVehicle956,1
imgNonVehicle918,0
imgNonVehicle894,0
imgVehicle394,1
imgNonVehicle772,0
imgNonVehicle802,0
imgNonVehicle727,0
imgVehicle403,1
imgVehicle459,1
imgNonVehicle819,0
imgVehicle365,1
imgVehicle477,1
imgNonVehicle820,0
imgNonVehicle914,0
imgNonVehicle746,0
imgVehicle492,1
imgVehicle445,1
imgVehicle483,1
imgNonVehicle718,0
imgNonVehicle759,0
imgNonVehicle913,0
imgNonVehicle895,0
imgNonVehicle779,0
imgNonVehicle696,0
imgNonVehicle899,0
imgVehicle414,1
imgVehicle423,1
imgVehicle351,1
imgNonVehicle733,0
imgNonVehicle752,0
imgNonVehicle960,0
imgNonVehicle734,0
imgVehicle369,1
imgVehicle377,1
imgNonVehicle929,0
imgNonVehicle969,1
imgNonVehicle713,0
imgNonVehicle849,0
imgNonVehicle694,0
imgNonVehicle836,0
imgNonVehicle829,0
imgNonVehicle882,0
imgVehicle418,1
imgVehicle430,1
imgVehicle481,1
imgNonVehicle938,0
imgVehicle376,1
imgNonVehicle869,0
imgNonVehicle685,0
imgNonVehicle901,0
imgNonVehicle715,0
imgVehicle480,1
imgNonVehicle873,0
imgVehicle397,1
imgNonVehicle904,0
imgVehicle429,1
imgNonVehicle737,0
imgVehicle432,1
imgVehicle497,1
imgNonVehicle812,0
imgVehicle405,1
imgVehicle390,1
imgNonVehicle765,0
imgVehicle461,1
imgVehicle453,1
imgVehicle425,1
imgNonVehicle974,1
imgNonVehicle793,0
imgNonVehicle957,1
imgVehicle361,1
imgNonVehicle756,0
imgNonVehicle968,1
imgVehicle389,1
imgVehicle434,1
imgNonVehicle867,0
imgVehicle499,1
imgNonVehicle844,0
imgNonVehicle917,0
imgNonVehicle683,0
imgNonVehicle703,0
imgNonVehicle826,0
imgNonVehicle804,0
imgVehicle464,1
imgNonVehicle789,0
imgNonVehicle848,0
imgNonVehicle790,0
imgNonVehicle726,0
imgVehicle413,1
imgVehicle379,1
imgNonVehicle951,1
imgNonVehicle725,0
imgNonVehicle859,0
imgNonVehicle794,0
imgNonVehicle874,0
imgNonVehicle887,0
imgNonVehicle724,0
imgNonVehicle799,0
imgNonVehicle722,0
imgVehicle370,1
imgVehicle479,1
imgVehicle452,1
imgNonVehicle709,0
imgNonVehicle966,1
imgVehicle402,1
imgNonVehicle963,0
imgVehicle411,1
imgVehicle484,1
imgNonVehicle943,0
imgNonVehicle937,0
imgVehicle391,1
imgNonVehicle771,0
imgNonVehicle906,0
imgVehicle458,1
imgNonVehicle814,0
imgNonVehicle838,0
imgVehicle465,1
imgNonVehicle711,0
imgNonVehicle842,0
imgNonVehicle705,1
imgNonVehicle843,0
imgNonVehicle970,1
imgVehicle396,1
imgVehicle426,1
imgVehicle400,1
imgNonVehicle923,0
imgNonVehicle728,0
imgVehicle486,1
imgNonVehicle890,0
imgNonVehicle946,0
imgVehicle388,1
imgNonVehicle791,0
imgNonVehicle941,0
imgVehicle356,1
imgVehicle408,1
imgNonVehicle920,0
imgVehicle457,1
imgVehicle387,1
imgNonVehicle863,0
imgNonVehicle879,0
imgVehicle421,1
imgVehicle407,1
imgNonVehicle866,0
imgNonVehicle754,0
imgNonVehicle964,0
imgNonVehicle697,0
imgNonVehicle930,0
imgNonVehicle834,0
imgVehicle471,1
imgNonVehicle717,0
imgNonVehicle952,1
imgNonVehicle902,0
imgNonVehicle847,0
imgNonVehicle915,0
imgVehicle359,1
imgNonVehicle825,0
imgNonVehicle945,0
imgVehicle493,1
imgNonVehicle916,0
imgNonVehicle796,0
imgVehicle474,1
imgNonVehicle932,0
imgVehicle415,1
imgVehicle435,1
imgNonVehicle892,0
imgNonVehicle886,0
imgVehicle476,1
imgNonVehicle747,0
imgNonVehicle785,0
imgNonVehicle924,0
imgNonVehicle823,0
imgNonVehicle783,0
imgNonVehicle893,0
imgNonVehicle807,0
imgVehicle353,1
imgNonVehicle699,0
imgNonVehicle884,0
imgNonVehicle762,0
imgNonVehicle761,0
imgNonVehicle745,0
imgNonVehicle949,0
imgNonVehicle853,0
imgVehicle456,1
imgVehicle378,1
imgVehicle442,1
imgNonVehicle735,0
imgNonVehicle784,0
imgNonVehicle815,0
imgNonVehicle837,0
imgNonVehicle845,0
imgVehicle488,1
imgNonVehicle749,0
imgNonVehicle858,0
imgVehicle362,1
imgNonVehicle805,0
imgNonVehicle841,0
imgNonVehicle710,0
imgVehicle462,1
imgVehicle466,1
imgVehicle416,1
imgNonVehicle732,0
imgNonVehicle753,0
imgVehicle449,1
imgNonVehicle953,1
imgNonVehicle714,0
imgNonVehicle780,0
imgVehicle395,1
imgNonVehicle928,0
imgNonVehicle911,0
imgVehicle447,1
imgVehicle482,1
imgNonVehicle818,0
imgVehicle404,1
imgNonVehicle973,1
imgVehicle436,1
imgNonVehicle919,0
imgNonVehicle776,0
imgNonVehicle684,0
imgNonVehicle958,0
imgNonVehicle708,0
imgNonVehicle821,0
imgNonVehicle903,0
imgVehicle406,1
imgNonVehicle768,0
imgNonVehicle912,0
imgVehicle473,1
imgNonVehicle763,0
imgVehicle487,1
imgNonVehicle686,0
imgNonVehicle738,0
imgVehicle450,1
imgNonVehicle702,0
imgNonVehicle870,0
imgVehicle363,1
imgVehicle350,1
imgNonVehicle730,0
imgVehicle398,1
imgVehicle366,1
imgNonVehicle731,0
imgVehicle385,1
imgNonVehicle948,0
imgNonVehicle773,0
imgNonVehicle907,0
imgNonVehicle971,1
imgNonVehicle950,1
imgVehicle424,1
imgNonVehicle852,0
imgNonVehicle693,0
imgNonVehicle808,0
imgVehicle371,1
imgVehicle498,1
imgNonVehicle777,0
imgVehicle444,1
imgNonVehicle795,0
imgNonVehicle720,0
imgNonVehicle687,0
imgNonVehicle822,0
imgVehicle372,1
imgNonVehicle889,0
imgVehicle463,1
imgVehicle355,1
imgNonVehicle857,0
imgNonVehicle742,0
imgNonVehicle816,0
imgNonVehicle934,0
imgNonVehicle803,0
imgVehicle490,1
imgVehicle364,1
imgNonVehicle788,0
imgNonVehicle872,0
imgNonVehicle967,1
imgVehicle495,1
imgNonVehicle700,0
imgNonVehicle792,0
imgVehicle420,1
imgVehicle409,1
imgNonVehicle865,0
imgNonVehicle851,0
imgVehicle360,1
imgNonVehicle778,0
imgNonVehicle781,0
imgVehicle475,1
imgVehicle448,1
imgNonVehicle921,0
imgVehicle368,1
imgNonVehicle925,0
imgNonVehicle856,0
imgVehicle470,1
imgNonVehicle689,0
imgNonVehicle701,0
imgNonVehicle839,0
imgNonVehicle898,0
imgVehicle428,1
imgVehicle467,1
imgNonVehicle876,0
imgNonVehicle690,0
imgNonVehicle688,0
imgVehicle401,1
imgVehicle393,1
imgNonVehicle954,1
imgNonVehicle787,0
imgNonVehicle878,0
imgNonVehicle775,0
imgNonVehicle739,0
imgNonVehicle698,0
imgVehicle412,1
imgNonVehicle827,0
imgNonVehicle940,0
imgNonVehicle961,1
imgNonVehicle767,0
imgNonVehicle706,0
imgNonVehicle955,0
imgVehicle358,1
imgNonVehicle965,0
imgNonVehicle936,0
imgNonVehicle707,0
imgNonVehicle782,0
imgNonVehicle766,0
imgNonVehicle811,0
imgVehicle383,1
imgNonVehicle832,0
imgNonVehicle800,0
imgNonVehicle798,0
imgNonVehicle897,0
imgNonVehicle786,0
imgVehicle478,1
imgVehicle433,1
imgNonVehicle764,0
imgNonVehicle760,0
imgNonVehicle900,0
imgNonVehicle830,0
imgVehicle494,1
imgVehicle489,1
imgNonVehicle704,0
imgNonVehicle910,0
imgNonVehicle810,0
imgNonVehicle850,0
imgNonVehicle875,0
imgVehicle352,1
imgVehicle380,1
imgVehicle460,1
imgNonVehicle877,0
imgVehicle431,1
imgNonVehicle959,0
imgNonVehicle743,0
imgNonVehicle891,0
imgNonVehicle927,0
imgVehicle399,1
imgVehicle455,1
imgNonVehicle922,0
imgNonVehicle770,0
imgNonVehicle909,0
imgNonVehicle757,0
imgNonVehicle862,0
imgVehicle491,1
imgVehicle451,1
imgNonVehicle846,0
imgNonVehicle758,0
imgVehicle419,1
imgVehicle427,1
imgVehicle437,1
imgNonVehicle835,0
imgNonVehicle813,0
imgVehicle485,1
imgVehicle381,1
imgNonVehicle854,0
imgNonVehicle861,0
imgVehicle468,1
imgNonVehicle972,1
imgNonVehicle883,0
imgVehicle422,1
imgNonVehicle729,0
imgNonVehicle881,0
imgNonVehicle748,0
imgNonVehicle931,0
imgNonVehicle801,0
imgVehicle374,1
imgVehicle373,1
imgNonVehicle880,0
imgNonVehicle716,0
imgNonVehicle933,0
imgNonVehicle817,0
imgNonVehicle692,0
imgNonVehicle962,0
imgVehicle454,1
imgNonVehicle896,0
imgVehicle469,1
imgNonVehicle860,0
imgNonVehicle736,0
imgVehicle367,1
imgVehicle441,1
imgNonVehicle744,0
imgNonVehicle721,0
imgNonVehicle741,0
imgVehicle443,1
imgNonVehicle908,0
imgNonVehicle723,0
imgVehicle384,1
imgNonVehicle885,0
imgNonVehicle712,0
imgNonVehicle797,0
imgNonVehicle828,0
imgNonVehicle755,0
imgNonVehicle855,0
imgVehicle375,1
imgNonVehicle691,0
imgNonVehicle751,0
imgNonVehicle769,0
imgVehicle417,1
imgVehicle410,1
imgVehicle392,1
imgVehicle386,1
imgNonVehicle871,0
imgVehicle440,1
imgVehicle496,1
imgVehicle472,1
imgNonVehicle942,1
imgNonVehicle719,0
imgNonVehicle833,0
imgVehicle354,1
imgNonVehicle824,0
imgNonVehicle806,0
imgNonVehicle939,0
imgNonVehicle831,0
imgNonVehicle935,0
imgNonVehicle905,1
imgNonVehicle947,0
imgVehicle382,1
